producto,descripcion,unidad,ult_venta,ult_compra,costo_prom,existencias,ventas_monto,ventas_cant
1010200000,CLEMA TIERRA WPE6 WEIDMULLER VERDE,PZ,,2023-02-24,42.13232,8,0,0
1011000000,CLEMA PORTASFUSIBLE WSI 6 FUS 5X20,PZ,,2023-02-28,64.57,3,0,0
1020100000,CLEMA DE PASO WDU4 WEIDMULLER,PZ,,2023-02-24,16.11,8,0,0
1100100,CABLE THHW-LS CALIBRE 10  AWG NEGRO,M,,2023-02-24,15.3415,20,0,0
1100101,CABLE THHW-LS CALIBRE 10  AWG ROJO,M,,2023-02-24,15.3415,20,0,0
1100102,CABLE THHW-LS CALIBRE 10  AWG AZUL,M,,2023-02-24,15.3415,20,0,0
1100103,CABLE THHW-LS CALIBRE 10  AWG VERDE,M,,2023-02-24,15.3415,20,0,0
1100104,CABLE THHW-LS CALIBRE 10 AWG BLANCO,MT,,2023-02-28,15.3415,20,0,0
1500181,CORDON AUTOM CAL.18 AWG FLEXIBLE  ROJO,PZ,,2023-02-24,3.251,20,0,0
1500183,CORDON AUTOM CAL.18 AWG FLEXIBLE VERDE,PZ,,2023-02-24,3.251,10,0,0
1500184,CORDON AUTOMOTRIZ 18 AWG BLANCO FLEX,PZ,,2023-02-28,3.25,100,0,0
16AMP-6200,"TAPA SANITARIA ESTILO CLAMP 2""",PZ,,2023-02-07,61.348,5,0,0
39121424,TAPA P/CLEMA WEIDMULLER WDU2.5-WDU10,PZ,,2023-02-28,9.436,6,0,0
520623,FUSIBLE EUROPEO 4 AMP 250V,PZ,,2023-02-28,10,3,0,0
5207/CE,CINCHO NATURAL 200X2.6,PZ,,2023-02-24,0.32,100,0,0
5473RBE,BASE NATURAL 27X27,PZ,,2023-02-24,2.455,20,0,0
7 ALECON5/8,"ALETA CONTINUA DE 5/8""	TUS""",M,,2023-03-31,214.01792,26.78,0,0
70007581,"CART. ALTA 1/4 Ø X12 CON 30 CM 200W 24V""",PZ,2023-02-22,2023-02-20,537.35,10,24875.2,14
9810050-ABRAZA,"ABRAZADERA UÑA TUBO RIGIDO 1/2""Ø",PZ,,2023-02-24,1.368,10,0,0
9810100-ABRAZA,"ABRAZADERA UÑA TUBO RIGIDO 3/4""Ø",PZ,,2023-02-24,1.118,10,0,0
ABRAZA1/2Ø55MM,"ABRAZADERA SIN FIN 1/2 X Ø 55 MM""",PZ,,2023-03-31,24.138,4,0,0
AEM33/150PM,GABINETE METALICO 30CMX30CMX15CM,PZ,,2023-02-28,700,1,0,0
AEMX43/200PM,GABINETE DE ACERO INOX 40CMX30CMX20CM,PZ,,2023-02-24,3788.85,1,0,0
AEROPACK-J-1/16,"AEROPACK TIPO J DE Ø1/16""",MT,,2022-11-25,68,0,0,0
AEROPACK-K-1/16,"AEROPACK TIPO K DE Ø 1/16""",MT,,2022-10-10,82.49073,2.98,0,0
AEROPACK-K-1/8,"AEROPACK TIPO ""K"" DE Ø 1/8",MT,,2022-08-29,170,0,0,0
AICERCU,CERAMICO BASE CUADRADA HEMRA IMPORTADA,PZ,2023-08-02,2023-06-30,3.16375,240,1880,210
AICERCUM,CERAMICO BASE CUADRADA MACHO IMPORTADA,PZ,2023-08-02,2023-06-30,3.1608,326,2398,284
AL8020-10,ALAMBRE 8020 CAL.10,M,2023-06-28,2023-04-24,75.60217,32,1797.65,17
AL8020-11,ALAMBRE 8020 CAL.11,MT,2022-08-26,2023-07-06,67.22552,289.2,422.19,4.5
AL8020-12,ALAMBRE 8020 CAL.12,MT,2023-06-28,2023-07-06,46.99595,230.2,2064.2,49.4
AL8020-13,ALAMBRE 8020  CAL.13,MT,2021-07-13,2022-10-31,35.35429,30.5046,22.5,2
AL8020-14,ALAMBRE 8020 CAL.14,MT,2023-07-13,2023-05-26,24.77126,365.6069,31085.43,454.0275
AL8020-15,ALAMBRE 8020 CAL.15,M,2021-12-01,2023-01-16,18.20274,78.1,300,10
AL8020-16,ALAMBRE 8020 CAL.16,M,2023-07-31,2023-07-14,17.95268,496.05,25823.69,860.8
AL8020-18,ALAMBRE 8020 CAL.18,MT,2023-08-08,2023-06-30,7.5139,75.052,12808.16,822.56
AL8020-19,ALAMBRE 8020 CAL.19,MT,2023-07-10,2023-07-24,9.47393,1505.1332,9825.95,711.1
AL8020-20,ALAMBRE 8020 CAL.20,MT,2023-08-08,2023-07-14,6.92972,1222.8348,32448.39,2754.7866
AL8020-21,ALAMBRE 8020 CAL.21,MT,2023-08-07,2023-07-06,5.39791,2702.6306,4882.3,621.46
AL8020-22,ALAMBRE 8020 CAL.22,MT,2023-08-03,2023-07-21,4.84322,4397.4122,9875.42,1311.9
AL8020-23,ALAMBRE 8020 CAL.23,MT,2023-08-08,2023-07-14,4.15387,4489.437,17237.3,2405.8
AL8020-24,ALAMBRE 8020 CAL.24,MT,2023-06-20,2023-04-25,12.27293,65.6674,17148.42,4015.42
AL8020-25,ALAMBRE 8020 CAL.25,MT,2023-05-15,2023-06-30,2.75241,2195.1412,1186.75,105
AL8020-26,ALAMBRE 8020 CAL.26,MT,2023-07-28,2023-05-25,2.15595,5699.828,23914.46,4969.7
AL8020-27,ALAMBRE 8020 CAL.27,MT,2023-04-10,2023-05-25,1.51637,8911.9794,605.79,259.37
AL8020-28,ALAMBRE 8020 CAL.28,MT,2023-06-06,2023-08-07,1.50042,11168.08,809.04,105
AL8020-29,ALAMBRE 8020 CAL.29,MT,2022-06-15,2023-06-30,1.00119,14037.774,64.65,5
AL8020-30,ALAMBRE 8020 CAL.30,MT,2023-06-06,2023-07-24,1.54411,15157.632,1669.17,1428
ALDSD-12,ALAMBRE DSD CAL.12,M,2023-07-06,2023-07-21,4.95,1112.1825,9310,17.5
ALDSD-14,ALAMBRE DSD CAL.14,M,2023-05-24,2023-08-07,3.6,246.2338,11468,2016.1
ALDSD-15,ALAMBRE DSD CAL.15,M,2020-09-10,2022-10-25,3.02027,742.4796,0,0
ALDSD-19,ALAMBRE DSD CAL.19,M,2023-04-26,2023-07-24,1.67689,2725.3667,9847.44,2869.88
ALDSD-20,ALAMBRE DSD CAL.20,M,2023-07-12,2023-07-24,1.44686,1757.846,2631.85,1123.74
ALDSD-5,ALAMBRE DSD CAL.5,M,2022-10-27,2022-11-30,46.57773,0,2075,2.5
ALDSD-6,ALAMBRE DSD CAL.6,M,,2023-03-10,19.8,48,0,0
ALDSD-8,ALAMBRE DSD CAL.8,MT,2020-01-09,2023-03-14,13.2,0,0,0
ALECON 1/2,"ALETA CONTINUA DE 1/2""	TUS""",MT,,2023-06-28,150,79.27,0,0
ALECON3/8,"ALETA CONTINUA DE 3/8""	TUS""",M,,2023-06-28,130.58724,70.84,0,0
ALECON5/16,"ALETA CONTINUA DE 5/16""	TUS""",MT,,2023-06-28,133.89661,53.97,0,0
ALECON7/16,"ALETA CONTINUA DE 7/16""	TUS""",MT,2022-03-31,2023-05-29,137.23026,0,2291,10
ALEJ14,"ELEMENTO TERMOPAR TIPO J"" CAL.14""",MT,2021-02-16,2023-01-30,160,8,0,0
ALEJ8,"ELEMENTO TERMOPAR TIPO J"" CAL.8""",MT,,2023-07-28,251,10,0,0
ALEK14,"ELEMENTO TERMOPAR TIPO K"" CAL.14""",MT,2021-12-01,2023-07-26,75.69405,139.99,145,1
ALEK8,"ELEMENTO TERMOPAR TIPO K"" CAL.8""",MT,2019-09-12,2023-07-26,311.03406,79.57,0,0
ALT-30,"ALAMBRE TIPO ""T"" CAL.30 FORRO TEFLON",MT,,2023-02-28,103,1.5,0,0
ANG1X1X1/8,"ANGULO A/COMUN DE 1""X1"" X1/8",M,,2023-07-06,49.6666,12,0,0
ANGIN1X1X1/8,"ANGULO A/INOX 1""X1""X1/8""",M,,2023-06-30,158.52459,12,0,0
ANILLO-3/16,"ANILLO P/TERMOPAR 3/16Ø INT.X1/4""Ø EXT.""",PZ,,2023-05-29,3.63619,257,0,0
APBAY16,"ADAPTADOR INOX 1G Ø7/16""X1 3/8""-1/8""NPT",PZ,2023-04-11,2023-03-31,33.33333,57,1380,23
BAAC1/8X3,"VARILLA A/COMUN Ø 1/8X 3 MT LONG""",M,,2023-06-09,4.60841,489.67,0,0
BAREDCELORON3/4,"BARRA REDONDA CELORON DE ø3/4""",PZ,,2023-07-06,245.43,2,0,0
BAREDINOX1/4C,"BARRA REDONDA INOX 1/4 Ø""",M,,2023-02-27,25.02414,2.802,0,0
BAREDINOX23/4,"BARRA REDONDA INOX 2 3/4""ø (68MM)",M,,2023-07-19,3333.33,0.045,0,0
BARHEXINOX1 1/4C,"BARRA HEXA INOX 1`1/4""	TUS""",MT,,2023-05-29,-7884.4,0.005,0,0
"BARHEXLAT-3""","BARRA HEXA DE LATON 3""",M,,2022-10-11,16285.46906,6.085,0,0
BARHEXLAT-3/4C,"BARRA HEXA DE LATON 3/4""	TUS""",M,,2023-03-09,733.31,0.6,0,0
BARRAAL 1 1/4,BARRA REDONDA DE ALUMINIO DE 1 1/4,M,,2022-09-28,300,0.26,0,0
"BARRREDLAT2""","BARRA REDONDA LATON 2""",M,,2023-07-19,2799.57143,0.7,0,0
BARRREDRR3/4,"BARRA REDONDA INOX 3/4""	TUS""",M,,2023-07-06,374.56859,2.55,0,0
BARRREDRR3/8,"BARRA REDONDA INOX 3/8 Ø""",M,,2023-01-26,85,2.7,0,0
BAY1G3/16,"BAYONETA 1 GIRO 3/16""ØX17.5MM NIQUELADA",PZ,2023-04-18,2023-07-18,21.27615,239,2160,36
BAY1G5/16,"BAYONETA 1 GIRO 5/16""ØX17.5MM NIQUELADA",PZ,,2022-10-04,25.5,50,0,0
BAY2G1/4,"BAYONETA 2 GIROS 1/4""ØX17.5MM NIQUELADA",PZ,2021-07-14,2022-10-04,22.75,34,290,5
BAY2G1/8,"BAYONETA 2 GIROS 17.5øEXT BARR 1/8"" NIQ",PZ,,2023-04-28,26.5,50,0,0
BAY2G3/16,"BAYONETA 2 GIROS 3/16""ØX17.5MM NIQUELADA",PZ,2022-02-18,2022-10-04,25.38378,239,771.73,16
BAY2G5/16,"BAYONETA 2 GIROS 5/16""ØX17.5MM NIQUELADA",PZ,,2022-10-04,26,49,0,0
BB1 1/2X1/2-300W,"BOQUILLA 11/2X1""1/2"" 300W 240V""",PZ,2023-08-02,2023-07-28,300,0,26194.8,60
BB11/2X1/2-300W,"BOQUILLA 11/2X1""1/2"" 300W 440V""",PZ,2023-08-02,2023-07-28,310,0,10629.82,24
BB11/4X11/4ST,"BOQUILLA 1X1""  125W 240V""",PZ,2023-08-07,2023-07-28,280,0,9118.78,24
BB2X2ST,"BOQUILLA 2X2""  350W 240V""",PZ,2023-07-14,2023-07-28,300,0,12195.55,26
BCERCOCM2,BLOCK CONEXIÒN P/CABEZA MARINA 2 TERMINA,PZ,2023-07-27,2023-04-05,40.04,0,7667.84,82
BCERCOCM3,BLOCK CONEXIÓN P/CABEZA MAR MINI 3 TERM,PZ,2021-12-03,2022-10-10,63.69565,21,210,2
BCERCOCM4,BLOCK CONEXIÓN P/ CABEZA MAR 4 TERM,PZ,2022-12-01,2022-08-29,45.75138,14,164.18,1
BCERCOCMM3,BLOCK CONEXIÒN P/ CABEZA MAR 3 TERM,PZ,2021-12-01,2023-02-13,100,17,188,2
BCERCOCMM4,BLOCK CONEXIÓN P/CABEZA MAR MINI 4 TERM,PZ,,2023-04-05,122,20,0,0
BINOX5/8X7/16X1,"BUSHING INOXIDABLE 5/8X7/16X1""	TUS""",PZ,,2023-04-28,100,37,0,0
BOR3/161STD,"BORNE DE LATON C/CUERDA STD INT 3/16""	TU",PZ,,2023-07-18,3.91667,120,0,0
BRI15MMX1/2AC,"PLACA ACERO COMUN  Ø118MMX1/2""	TUS""",PZ,,2023-03-09,100,0,0,0
BRI3ACNOM150-4,"BRIDA AC 3 Ø NOM. C/4 BARR CIEGA""",PZ,,2023-04-19,378,0,0,0
BRIACINOX6NOM150,"BRIDA INOX 6""NOM 150 LBS CIEGA",PZ,,2022-12-20,1869,0,0,0
BRIGACNOM 150-8,"BRIDA AC 6Ø NOM. C/8 BARR"" 150 LBS CIEGA",PZ,,2023-06-14,956,0,0,0
BUS3/4X1/2X1 1/2,"BUSHING DE LATON 3/4X1/2X1 1/2 ""TUS""",PZ,,2023-01-16,48.11,16,0,0
BUSLAT1/2X5/16X1,"BUSHING DE LATON  1/2X5/16X1""	TUS""",PZ,,2023-06-26,31.23,35,0,0
BUSLAT3/4X1/2X1,"BUSHING DE LATON 3/4X1/2X1""	TUS""",PZ,,2023-04-14,53.52544,57,0,0
BUSLAT5/5X7/16,"BUSHING DE LATON 5/8X7/16X1""	TUS""",PZ,,2023-08-07,35.7,103,0,0
BUSLAT5/8X5/16X1,"BUSHING DE LATON 5/8X5/16X1""	TUS""",PZ,,2023-01-10,31.48,40,0,0
CABFV-10,CABLE FV CAL.10-300°,M,2023-07-18,2023-06-30,38.65513,400,40163.31,557
CABFV-10200°,CABLE FV C/SILICON CAL.10 200°,MT,2023-04-25,2023-01-16,28.67677,372,18714.57,369
CABFV-10250°,CABLE FV CAL.10-250°,M,2023-07-31,2023-08-03,36.2093,200,208510.64,2274.8
CABFV-12200°,CABLE FV C/SILICON CAL.12 200°,MT,2023-05-16,2023-01-16,25.13434,348,16804.96,405
CABFV-12250°,CABLE FV CAL.12-250°,MT,2023-08-09,2023-07-31,28.16096,179.5,200184.2,2658
CABFV-14250°,CABLE FV CAL.14-250°,MT,2023-08-09,2023-05-29,20.12487,110.1,41270,750
CABFV-16250°,CABLE FV CAL.16-250°,MT,2023-08-04,2023-02-24,14.94959,237.4,18250.35,637
CABFV-18250°,CABLE FV CAL.18-250°,MT,2023-07-19,2023-07-21,8.1337,291.8,17516,631
CABFV-18500°,CABLE FV CAL.18-500°,M,2023-06-22,2023-08-03,19.73087,291.19,2140.54,56
CABFV-20250°,CABLE FV CAL.20-250°,M,2022-10-28,2022-11-10,8.95,181.3,3751.28,209
CABFV-20500°,CABLE FV CAL.20-500°,M,2022-06-15,2023-07-21,15.94996,244.04,85.91,3
CABFV-8,CABLE FV CAL.8-250°,MT,2023-08-08,2023-05-31,78.64422,119.9,62791.43,423.3
CABFVNP-10,CABLE FV CAL.10-500°,MT,2023-06-29,2023-07-21,98.77359,303.4,164769.88,901
CABFVNP-12,CABLE FV CAL.12-500°,MT,2023-07-03,2023-07-24,84.60339,257.8,194401.59,1598.7
CABFVNP-14,CABLE FV CAL.14-500°,MT,2023-07-31,2023-07-21,46.01277,457.22,93150.31,989.4
CABFVNP-16,CABLE FV CAL.16-500°,MT,2023-08-08,2023-07-21,28.80052,431.92,18908.7,270
CABFVNP-8,CABLE FV CAL.8-500°,MT,2023-06-19,2023-06-19,163.17753,112.7,146314.23,564
CABFVS14,CABLE FV C/SILICON CAL.14 200°,M,2023-02-08,2023-02-08,21.78481,451,10640,319
CABFVS16,CABLE FV C/SILICON CAL.16 200°,MT,2023-01-13,2023-01-16,14.65067,300,4950,250
CABLEK20,CABLE P/TERMOPAR MALLA TK CAL.20,MT,2023-08-09,2023-06-30,31.38938,366.71,132899.83,2057
CABMARSTD,CABEZA MARINA DE ALUMINIO STD,PZ,2023-07-31,2023-08-07,168.17,18,5781.89,19
CABP1003HILOSM,CABLE P/PT100 3 HILOS MALLA CAL.24,M,2023-07-12,2023-07-11,22.51071,126.47,4800,100
CABPT100 3 HILOS,CABLE P/PT100 3 HILOS FORRO TEFLON CAL24,MT,2023-06-15,2023-05-31,27.89592,164.3,34007.65,430
CABPT1003HILOPVC,CABLE P/PT100 3 HILOS FORRO PVC CAL.20,M,,2023-01-30,54.62963,77,0,0
CABPT1003HILOSMT,CABLE P/PT100 3 HILOS MALLA/TEFLON C24,MT,2023-03-08,2023-03-09,53,100,9275,100
CABPT100T4,CABLE P/PT100 4 HILOS CAL.24  TEFLON,M,2023-08-04,2022-09-29,68.70928,100,12873.41,159
CABTERFVCK-16,"CABLE P/TERMOPAR FV TIPO K"" CAL.16""",M,2023-04-05,2023-03-31,96.37,72,64161.84,420
CABTERFVCK-20,"CABLE P/TERMOPAR FV TIPO K"" CAL.20""",M,2023-07-13,2023-06-21,30,114,9940,222
CABTERJPVC-20,CABLE P/TERMOPAR PVC TJ CAL.20,M,2023-05-15,2023-01-16,16.43252,222.34,32909.41,943.65
CABTERKPVC-20,CABLE P/TERMOPAR PVC TK CAL.20,M,2022-12-09,2022-11-30,21.20504,87.35,44524.74,979
CABTERM-24,CABLE P/TERMOPAR MALLA TK CAL.24,MT,2022-01-18,2023-01-20,56,195.96,4664.29,58
CABTERMS-20,CABLE P/TERMOPAR MALLA TJ CAL.20,MT,2023-08-09,2023-06-30,17.35039,16.25,144575.89,3337
CABTERTJ-20,CABLE P/TERMOPAR TEFLON  TJ CAL.20,M,2023-07-12,2023-01-16,30,132.3,25063.84,490
CABTERTJ-24,CABLE P/TERMOPAR MALLA TJ CAL. 24,MT,2022-06-15,2023-06-30,21.28289,137.72,160,2
CABTERTPVC-20,CABLE P/TERMOPAR PVC TT CAL.20,M,2023-06-13,2023-06-09,23.02266,325,84606.29,2202
CABTERTR-20,CABLE P/TERMOPAR FV TIPO R CAL.20,MT,,2023-02-28,105,2.9,0,0
CAJAALUM114X34.8,CAJA DE REGISTRO OVAL 110X34.8 ALUM,PZ,,2022-09-30,42.16,0,0,0
CAJAGRISRESIS,CAJA GRIS P/RESISTENCIA DE GALVANOPLASTI,PZ,,2023-06-16,750,2,0,0
CAJCONCH3/4,"CAJA  CONEXÒN CHICA NARANJA 1 Ø""",PZ,2022-05-13,2023-04-28,66.66667,15,370.33,4
CAJCONG1,"CAJA CONEXIÓN GRANDE NARANJA 1 Ø""",PZ,2021-06-30,2023-04-28,100,14,0,0
CARBONBR,CARBON DE GRAFITO PARA SISTEMA ELECTRICO,PZ,,2023-03-16,46.31,8,0,0
CDINX9Oin1/2NPT,"CODO INOX 304  90° NPT 1/2""	TUS""",PZ,,2022-11-30,42.5,7,0,0
CDROSINOX 1/4,"CONECTOR DOBLEINOX 1/4 BARRENOX1/2X1/2""""",PZ,2021-02-17,2023-07-18,120,44,0,0
CER-CA-058,"CERAMICO P/TUBO DE CUARZO 5/8"" CA-058",PZ,,2023-07-10,39.33333,30,0,0
"CER-CA-1/2""","CERAMICO P/TUBO DE CUARZO 1/2""",PZ,,2023-07-10,35,30,0,0
CER-CA-3/4,"CERAMICO P/TUBO DE CUARZO 3/4""",PZ,,2023-07-10,45,30,0,0
CER-CA-3/8,"CERAMICO P/TUBO DE CUARZO 3/8""",PZ,,2023-07-10,30,30,0,0
CER0022,BLOCK CERAMICO 2 PARES 10 AMP,PZ,2023-07-28,2023-07-10,17.16,60,3737.98,109
CER0023,BLOCK CERAMICO 2 PARES 30 AMP,PZ,2023-07-19,2023-06-09,22.18157,70,13047.57,322
CER0024,BLOCK CERAMICO 2 PARES 5 AMP,PZ,2023-06-23,2023-07-10,11.92391,92,569.88,23
CER0026,BLOCK CERAMICO 3 PARES 30 AMP,PZ,2023-07-04,2023-07-10,24.02,54,4250.26,88
CER0033,CERAMICO PASA CABLE 13MM,PZ,,2023-06-06,15,210,0,0
CER0126,"TUBO CERAMICO FUNDA 17MMØ X 36 LONG""",PZ,2023-01-04,2022-10-17,701.33333,0,3722.71,3
CERA150V-8-2B,"CERAMICO OVALADO P/ELEMENTO CAL.8,2 BARR",PZ,2023-03-09,2023-01-13,7.5,0,1062.18,97
CERA158-43,AISLADOR P/ELEMENTO CAL.8 - 4 BARR.,PZ,2020-12-03,2022-09-30,29.61769,66,0,0
CERAISON-14-28,CERAMICO OVALADO P/ ELEMENTO C-14- 2 BAR,PZ,2022-09-29,2023-05-15,7.03,131,182.63,28
CERAISOV-8-2B,CERAMICO OVALADO P/ELEMENTO CAL 8 2 BARR,PZ,2020-10-08,2023-06-14,7.99508,382,0,0
CERALT 51/,CERAMICO 12.1MMØX25CM 4 BARRENOS,PZ,,2023-05-15,44,16,0,0
CERALT1/2,CERAMICO 9.5MMØX20CM 4 BARRENOS,PZ,,2023-01-27,39,0,0,0
CERALT3/8,CERAMICO 6MMØX20CM 4 BARRENOS,PZ,,2023-02-23,28.5058,428,0,0
CERALT5/16,CERAMICO 5MMØX20CM 4 BARRENOS,PZ,,2023-01-16,33.01887,106,0,0
CERAM013A13X21,CERAMICO RANURADO CHICA IMPORTADA,PZ,2023-08-02,2023-07-11,3.16,540,3528.94,356
CERCAF-1/4,CERAMICO CAFE P/CARTUCHO 1/4X10 CM 5.6 Ø,PZ,,2023-04-24,9.76508,157.5,0,0
CERCAF3/18X15CM,CERAMICO CAFE P/CARTUCHO 3/8X15 CM,PZ,,2023-04-24,6.29,50,0,0
CERCAR 1/2,"CERAMICO P/CARTUCHO 6 BARR 1/2""	TUS""",PZ,,2023-01-13,7,0,0,0
CERCAR 5/8,CERAMICO 12.5MMØX15CM 7 BAR 2.8MMØ,PZ,,2023-08-07,7.46496,659,0,0
CERCAR3/4,CERAMICO 17MMØX10CM 7 BARRE 4MMØ,PZ,,2023-04-14,14.61536,0,0,0
CERSEP 1/2,"CERAMICO SEPARADOR P/CARTUCHO  ALTA 1/2""",PZ,,2022-10-20,13,3,0,0
CERSEP5/8,"CERAMICO SEPARADOR P/CARTUCHO ALTA 5/8""",PZ,,2023-05-15,20.5531,377,0,0
CERTCH34X101-6,CERAMICO T/CHOCOLATE 34MM X 101MM X 7MM,PZ,,2023-03-27,67.39306,242,0,0
CERTRENA2,CERAMICO T/TREN TIPO A 2 BARR LISA,PZ,,2022-12-21,0.39425,250,0,0
CERTRENA3,CERAMICO T/TREN TIPO A 3 BARR LISA,PZ,,2022-12-21,0.47725,2807,0,0
CERTRENA6,CERAMICO T/TREN TIPO A 6 BARR LISA,PZ,,2022-12-21,0.93375,2531,0,0
CERTRENR2,CERAMICO T/TREN RANURADO 2 BARR,PZ,,2022-10-10,2.58017,0,0,0
CERTRENR6,CERAMICO T/TREN RANURADO 6 BARR,PZ,,2022-10-10,5.1025,118,0,0
CIFV0001,CINTA FIV AISLANTE  TUK 12 MM,PZ,2023-05-30,2023-07-24,210,17,19449.36,51
CIFV0002,CINTA FIV AISLANTE TUK 18 MM,PZ,2023-07-26,2023-07-12,336.0625,8,15838.47,29
CIFV0003,"CINTA FV 2 ANCHO X 1/16"" ESPESOR""",M,2023-07-26,2023-06-30,6.91933,80,2789.24,20
CIFV0004,"CINTA FIV 1ANCHO X 1/8"" ESPESOR""",MT,2023-05-12,2023-06-30,7.10542,151.4,7512.87,102
CIFV0005,"CINTA FIV 2 ANCHO X 1/8"" ESPESOR""",MT,2023-07-31,2023-06-30,12.2893,57,12719.4,368.5
CIN80.1.588X.170,CINTA NICROMEL 1.58X0.170X4.39 OHM,M,,2023-05-08,4107.6,1.71,0,0
CIN80.3.97X0.101,CINTA NICROMEL 3.97X0.101X2.8 OHM,M,,2023-05-08,5119.41,2.88,0,0
CIN803.18X.127,CINTA NICROMEL 3.18X0.127X2.8OHMS,PZ,2023-06-29,2023-06-12,2541.85515,2.49,51.72,2
CIN803.18X0.100,CINTA NICROMEL 3.18X0.100X4 OHM,M,2020-02-19,2023-02-13,6.58267,1077.49,0,0
CIN803.1X.254,CINTA NICROMEL 3.1X0.254X1.4 OHM,M,2023-07-13,2023-06-09,16.76724,1448.16,1096.75,31
CIN803.1X0.254,CINTA NICROMEL 3.1X0.254X1.4 OHM,M,2023-06-06,2023-01-27,25.28037,101.68,2010,42
CIN803.90X0.127,CINTA NICROMEL 3.9X0.127X2.3 OHM,M,2023-01-04,2022-10-10,10.77622,179.64,7158.19,25.327
CIN804.5X.25,CINTA NICROMEL 4.5X.25X.969 OHM,M,2023-03-16,2023-03-27,17.24778,364.17,5745.43,101
CIN804.70X.203,CINTA NICROMEL 4.7X0.203X1.2 OHM,M,2023-08-03,2023-03-31,30.75474,18.542,23547.52,413
CIN804.76X0.127,CINTA NICROMEL 4.76X0.127X2.16 OHM,MT,2023-05-03,2023-06-30,3439.36,3.75,35,1
"COLCHAFC2""","COLCHA FIBRA CERAMICA 2""ESP",PZ,2023-07-13,2023-07-26,3715.74,1,6206.6,7.7
"COLFVALUM1.1/2""","COLCHA FV C/CARA ALUMINIZADA 1.1/2""",M,2023-07-28,2023-07-19,58.53605,94.16,102687.61,995
CONECAZUL,TOPE A.T.  FORRO ZAUL CAL. 16-14,PZ,2021-02-04,2023-07-24,0.7779,392,0,0
COROSINOX3/16,"CONECTOR INOX NPT 3/16 - 1/2"" X 1/2""""",PZ,,2023-04-14,120,19,0,0
CORTADORCUARZO,CORTADORES DE TUBO DE CUARZO,PZ,,2023-04-28,259.31429,3,0,0
CORTETUBO,CORTE DE TUBO,PZ,,2023-05-29,12,5,0,0
"CTE0.005*2""CAM","CINTA TEFLON C/A 0.005""X2""",M,2023-08-08,2023-05-17,28.3951,197,168614.73,3241.7
"CTE0.005*3""CA","CINTA TEFLON C/A 0.005""X3""",M,2023-07-11,2023-07-25,41.59718,66,575574.54,7425
CTE0.005*3/4C/AD,"CINTA TEFLON C/A 0.005X3/4""",M,2023-07-04,2023-06-09,10.4727,165,25579.45,1320
CTE0.0051/2C/AD,"CINTA TEFLON C/A 0.005X1/2""",M,2023-08-07,2023-06-09,7.2121,66,18319.31,1419
CTE0.00511/2C/AD,"CINTA TEFLON C/A 0.005X1 1/2""""",M,2023-05-29,2023-06-09,20.9571,99,13062.14,333
CTE0.0051C/AD,"CINTA TEFLON C/A 0.005X1""",M,2023-08-07,2023-06-09,14.42422,231,81344.95,3007
"CTE0.005X2""S/A","CINTA TEFLON S/A 0.005""X2""",M,2023-06-29,2023-05-30,14.81094,0,10003.55,306.7
ESPAINOX3/16,"ESPARRAGO A/INOX 3/16X 1 MT LONG""",PZ,,2023-07-25,35,12.68,0,0
ESPAINOX5/16,"ESPARRAGO A/INOX 5/16 X I MT LONG""",PZ,,2022-10-31,56.02565,52.72,0,0
ESPG-12,ESPAGUETI F.V. C/ACRILICO 12MM Ø,MT,2023-08-08,2023-07-24,25.2036,13,82570.44,2476
ESPG-2,ESPAGUETI F.V. C/ACRILICO 2MM Ø,MT,2022-10-04,2023-04-25,2.16471,168.617,425.26,90
ESPG-25,ESPAGUETI F.V. C/ACRILICO 25MMØ,M,2022-12-05,2022-11-30,49.9,80,21327.9,230
ESPG-3/4,"ESPAGUETI F.V. C/ACRILICO 3/4(19MM)Ø""",M,2023-05-10,2023-05-31,32.65,254.5,24623.8,350
ESPG-3/8,"ESPAGUETI F.V. C/ACRILICO 3/8(9.5MM)Ø""",MT,2023-08-08,2023-05-31,12.39,35,12433.06,508
ESPG-6,ESPAGUETI F.V. C/ACRILICO 6MM Ø,MT,2023-07-26,2023-05-31,6.22,309.3,23237.75,1469
ESPG3MM,ESPAGUETI F.V. C/ACRILICO 3MM Ø,MT,2023-06-16,2023-04-10,2.96204,241.215,5082.1,691
ESPGAL- 3/16,"ESPARRAGO GALV 3/16X 1MT LONG""",PZ,,2023-07-25,14.655,20.38,0,0
ESPGFV-2,ESPAGUETI FV C/SILICON 2MM,PZ,,2023-02-28,8,31.4,0,0
"ESPGFVS-1/2""","ESPAGUETI FVC/SILICON 250° 1/2""(12.5mm)",MT,2023-04-20,2023-03-09,16.33,96,1696.41,14
ESPGFVS-1/4,"ESPAGUETI FV C/SILICON 250° 1/4""(6mm)",M,2023-07-31,2023-08-07,9.6,20,380,20
"ESPGFVS-1/8""","ESPAGUETI FV C/SILICON 250° 1/8""(3mm)",M,2023-07-31,2023-08-07,4.5,20,180,20
ESPGS-3/16,"ESPAGUETI FV C/SILICON 3/16""	""	MT""",M,2021-03-23,2022-10-07,5.75,0,0,0
ESPGS-5,ESPAGUETI FV C/SILICON 5MM Ø,MT,2023-07-04,2023-02-17,6.07167,293.53,4231.34,312.3
ESPGS3/8,"ESPAGUETI FV C/SILICON 3/8""	""	MT""",M,2023-01-24,2022-10-07,4.93548,97.05,5124.62,100
FDCA30-727,DISCO DE CORTE AUSTROMEX CLAVE 750,PZ,,2023-06-07,51.11596,50,0,0
FICERAMICNUTEC,FIBRA CERAMICA MOLDEABLE,KG,,2022-09-30,123.65556,35.275,0,0
FOPI120,FOCO PILOTO 127V PB1 ROJO,PZ,2023-03-22,2023-03-31,11.524,24,215.29,21
FOPI220,FOCO PILOTO 220V = 240V,PZ,2023-08-03,2023-03-17,7.47222,72,419.71,34
FTSEGFNA,SEGUETA  FINA  DE 24 DIENTES,PZ,,2023-06-07,19.92565,34,0,0
GAS001,GAS OXIGENO INDUSTRIAL 10 M³,PZ,,2023-07-10,560.35,7,0,0
GAS003,GAS SPARK LASER,PZ,,2023-07-24,522.47,4,0,0
GUANTE9,GUANTE DE CARNAZA Y LONETA GU-215,PZ,,2022-10-24,65.65,0,0,0
HLR-12-CONECTOR,"CONECTOR LIQUIDTIGHT 1/2""Ø (13MM)",PZ,,2023-02-24,18.9,2,0,0
HLR-34-CONECTOR,"CONECTOR LIQUIDTIGHT 3/4""Ø (19MM)",PZ,,2023-02-24,30.68,0,0,0
HUM18-2X16,MINI INTERRUPTOR DE 2 POLOS 16 AMP,PZ,,2023-02-28,132.99,1,0,0
HUM18-3X32,MINI INTERRUPTOR 32AMP 3 POLOS,PZ,,2023-02-24,225.06,1,0,0
HUSIRJ1/2X1/4,"HULE SILICON ROJO 1/2X1/4""	TUS""",MT,2023-08-08,2023-03-09,40,20,5858.86,49.5
INDAM127V,INDICADOR AMARILLO 127V,PZ,2023-03-13,2023-03-17,21,15,525,2
INSUMO7,PERLA DE VIDRIO 60/80,KG,,2023-04-28,56.88075,0,0,0
KULKA4PARES,KULKA 4 PARES 30 AMPERES,PZ,2023-06-09,2023-06-09,38.93,15,1050,15
KULKA8PARES,KULKA 8 PARES 30 AMPERES,PZ,2023-06-09,2023-06-09,60,10,1811.4,14
LADRI9X41/2X21/2,"LADRILLO ALTA  9 X4 1/2X2 1/2""""",PZ,2020-11-13,2023-05-31,68.605,0,0,0
LAMIESPEJO-20,LAMINA TIPO 304 ACABADO BA C-20 4 X 10,M2,,2023-05-24,3916.97,1,0,0
LAMIINOX-18,LAMINA INOX T304 CAL.18,M2,,2023-05-26,1173.38987,10.0075,0,0
LAMINEGRA-16,LAMINA NEGRA CAL.16,M2,,2023-02-28,512.67195,8.9566,0,0
LAMINEGRA-20,LAMINA NEGRA CAL.20,M2,,2023-06-30,295.69892,3.72,0,0
LAMINEGRA-24,LAMINA NEGRA CAL.24,M2,,2023-06-27,327.67721,12.5892,0,0
LAMINOX-20,LAMINA INOX T304 CAL.20,M2,,2023-05-15,1049.65684,5.428,0,0
LAMINOX16,LAMINA INOX T304 CAL.16,M2,,2023-05-19,916.34409,3.459,0,0
LAMINOXT304-24,LAMINA INOX T304 MATE CAL24 3'X10',M2,,2023-06-15,602.8757,25.0026,0,0
LAMINOXT304-26,LAMINA INOX T304 MATE CAL26 3'X10',M2,,2023-05-22,732.3692,16.272,0,0
LENTELASER,LENTE CAMFIVE LASER PARA CABEZAL,PZ,,2023-01-31,2556.1,1,0,0
LW30-32,DESCONECTADOR TRIPOLAR 32 AMP,PZ,,2023-02-24,614.9,1,0,0
MAXCEMENT1300,"CEMENTO ADHESIVO 1,260°C P/CERAMICA 1GAL",PZA,,2023-05-31,628.9045,0,0,0
MAXCOAT180,RECUBRIMIENTO CERAMICO 2300 1 GALON,PZA,,2023-05-31,2344.92,0,0,0
MIC-0.4,MICA RIGIDA GRIS 1MT X 1.20 MT,M2,2023-04-17,2023-04-28,90.75,84.1515,11472.3,41
MIC-0.5,MICA RIGIDA VERDE 1MT X 1.20 MT,M2,2022-05-13,2022-11-29,95.47349,49.8129,1162.62,5
MIC-0.5G,MICA RIGIDA GRIS 0.5 1M X 1.20 MT,PZ,,2023-06-30,108.9,40,0,0
MNV05X120X100,HOJA MICANITA COL VERDE 0.5mmX120X100CMS,M2,2023-06-12,2023-05-15,98.96071,84,12860.52,46
MORREFRA,MORTERO REFRACTARIO,KG,,2023-02-28,738.1175,4,0,0
MORTEROM/H-318,MORTERO REFRAC HUMEDO MH-318,PZ,,2023-06-07,948.62,1,0,0
OXIMAGCAR,OXIDO DE MAGNESIO P/CARTUCHOS BLEND 8221,KG,,2023-03-31,74,0,0,0
OXIMAGTUB,OXIDO DE MAGNESIO P/TUBULARES,KG,,2023-07-24,175.1,95.2029,0,0
"P.CERAM 1/8""","CERAMICO PAPEL 1/8""ESP x 24"" x 125",M,2023-05-17,2023-05-23,124.63255,34.52,25418.4,65
PC300,SELLADORA BROTHER PCS300,PZ,2023-07-28,2023-06-28,808.86,3,65252.67,42
PC400,SELLADORA BROTHER PCS400,PZ,2023-06-02,2023-06-28,1056.14,1,26105.39,13
PERCER-517,PERLA CERAMICA MOD 517,PZ,2023-07-31,2022-11-10,0.15,182,275.21,1085
PERCER-568,PERLA CERAMICA MOD 568,PZ,2023-02-16,2022-11-10,0.21251,3697,64.28,150
PERCER 3620,PERLA CERAMICA MOD 3620,PZ,2023-04-13,2023-03-31,0.224,473,67.1,133
"PFC1""X24X36","PLACA FIBRA CERAMICA 1""X 24"" X 36""",PZ,,2022-10-27,1000,0,0,0
PFC1/2X24X36LD,"PLACA FIBRA CERAMICA 1/2X24""X36"" T/LD""",PZ,2023-02-10,2022-11-18,581,0,1016.81,1
"PFC2""X24""X36""","PLACA FIBRA CERAMICA 2""X24""X36""",PZ,2019-09-19,2023-06-22,2003,0,0,0
PIJAGAL1/8X1/2,"PIJA C/GOTA GALV 1/8X1/2""	TUS""",PZ,,2023-02-24,0.36,30,0,0
PIJAHEX5/32X1/2,"PIJA C/HEXA PUNTA BROCA 5/32X1/2""	TUS""",PZ,,2023-06-07,0.43554,72,0,0
PIJAPMAD10,PIJA PARA MADERA #10 X 2 1/2,PZ,,2023-06-30,0.7,50,0,0
PLAAC120X120,"PLACA A/COMUN 120MMX120MMX5/16"" ESP",PZ,,2023-07-19,100,2,0,0
"PLAAC12X1/2""","PLACA ACERO COMUN Ø12"" X 1/2""ESP",PZ,,2022-08-26,600,0,0,0
PLAAC168X102X1/4,"PLACA A/COMUN 168MMX102MMX 1/4""",PZ,,2023-01-18,60,0,0,0
PLACA0001,PLACA ACERO D2,PZ,,2023-05-05,820,2,0,0
PLACA8CANALES,PLACA CERAMICA ACANALADA 8 CANALES,PZ,2023-06-26,2023-06-29,70,19,2700,20
PLACAC65X65,"PLACA ACERO COMUN 65X65X1/4""	TUS""",PZ,,2022-12-14,50,0,0,0
PLACER19CENTR,PLACA CERAMICA 19 CENTRO,PZ,,2023-05-31,1340,0,0,0
PLACER19INI,PLACA CERAMICA MOD. 19 INICIO,PZ,2021-05-26,2023-05-31,1340,0,0,0
PLACER19RET,PLACA CERAMICA MOD. 19 RETORNO,PZ,,2023-05-31,1340,0,0,0
PLACER4X4X1/2,"PLACA CERAMICA 10 CANALES 4""X4""X1/2"" ESP",PZ,2023-07-31,2022-11-29,43,0,1100,10
PLAIN115X115X1/4,"PLACA ACERO INOX 4` 1/2X4` 1/2""X1/4""""",PZ,,2023-04-14,150,0,0,0
PLAIN117X109X1/4,"PLACA ACERO INOX 117MM X 109MM X 1/4""ESP",PZ,,2023-03-17,172,0,0,0
PLAIN254X149X1/4,"PLACA ACERO INOX 254MMX149MMX 1/4""ESP.",PZ,,2023-01-18,480,0,0,0
PLAINOX30X30X1/4,PLACA ACERO INOX 30CMX30CMX1/4,PZ,,2023-05-29,985,0,0,0
PLAINOX3X3X3/16,"PLACA DE ACERO INOX 3"" X 3"" X 3/16""",PZ,,2023-03-15,2610,0,0,0
PLAT21/2X21/2X1/,"PLACA LATON 2 1/2X2 1/2X1/4""	TUS""",PZ,,2023-03-14,92.9215,0,0,0
PTR1 1/2-14,"PERFIL PTR 1 1/2"" CAL 14",PZ,,2023-03-06,390,2,0,0
REDUCCION3/4,"REDUCCION 3/4"" A 1/2"" ALUMINIO",PZ,,2022-09-30,9.57,0,0,0
REMACHE4X10,REMACHE POP B54 4X10,PZ,,2023-06-30,0.62,150,0,0
REMCAR-1/2,"REMATE P/ CARTUCHO 1/2""	TUS""",PZ,,2023-03-31,1.49,465,0,0
REMCAR-3/4,"REMATE P/ CARTUCHO 3/4""	TUS""",PZ,,2023-03-31,3.09,102,0,0
REMCAR-518,"REMATE P/ CARTUCHO 5/8""	TUS""",PZ,,2023-03-31,1.8,2,0,0
REMCAR3/8,"REMATE P/ CARTUCHO 3/8""	TUS""",PZ,,2023-06-09,0.97118,944,0,0
REPSEL30,REPUESTO P/SELLADORA 30 CM,PZ,2023-07-13,2023-04-12,22.05,30,7778.76,169
RES3/16X300,"RESORTE 3/16 X 300 MM""",PZ,2022-02-18,2023-03-31,11.10959,146,181.82,10
REST-FLEX40OHMS,RESISTENCIA FLEXIBLE DE 40 OHMS,M,2023-01-13,2023-06-09,30,10,290,5
RIRA0027,RESISTENCIA INF. 1000W 230V,PZ,2023-07-26,2023-08-03,337.5,9,34316.27,42
RIRA0031,RESISTENCIA INF. 400W 230V,PZ,2023-06-27,2023-06-09,496.5625,5,33065.64,25
RONGAL5/8X15/16,RONDANA GALV 5/8X 1` 5/16,PZ,,2023-06-30,1.06968,20,0,0
RONINOX1X5/8,"RONDANA INOX Ø1EXT X Ø5/8INT X 1/16""ESP",PZ,,2023-06-07,3.86578,25,0,0
RONINOX5/8X11/16,"RONDANA INOX 5/8 X 1 1/16""",PZ,,2023-03-14,3.5417,0,0,0
RONINOX5/8X15/16,"RONDANA INOX 5/8""X 1 5/16""",PZ,,2023-03-31,4.22,5,0,0
RONMI3/16X1/2,"RONDANA/MICA RIGIDA 1/2ØEXT X 3/16""ØINT""",KG,2023-07-06,2023-07-19,755.34144,1.413,213.75,0.2
RONPLAM3INOX,RONDANA PLANA GALV M3,PZ,,2023-04-28,0.15113,231,0,0
RONPLAM5INOX,RONDANA  PLANA GALV M5,PZ,,2023-06-07,0.18448,0,0,0
RONPLAM5INOXX,RONDANA PLANA INOX M5,PZ,,2023-07-25,0.28691,1340,0,0
SAURENSEN,CEMENTO SAURENSEN,KG,,2023-06-06,741.71357,14.565,0,0
SENPT100,BULBOS RTD PT-100 CLASE B,PZ,,2023-06-30,54.7,81,0,0
SENPT1000,BULBO RTD PT-1000 CLASE B,PZ,2022-06-27,2023-03-23,180,19,275.86,1
SOAC1X1/8,"SOLERA A/COMUN 1X1/8"" ESPESOR""",MT,,2022-10-03,-180.95893,1.07,0,0
SOGUI-1/4,SOGUILLA 1/4(6MM) TRENZADA ESTAÑADA INOX,MTS,,2023-02-24,50,36.55,0,0
SOGUI-3/16,"SOGUILLA 3/16"" TRENZADA ESTAÑADA INOX",MT,2022-11-30,2023-05-18,31.2,25.15,11126,218
SOLA21/2X3/16,"SOLERA INOX 2¨ 1/2"" X  3/16"" ESPESOR",M,,2023-08-04,438,6,0,0
SOLA3/8X1/8,SOLERA LATON 3/8 X 1/8 ESPESOR,MT,,2023-06-27,313.56069,7.81,0,0
SOLAIX1/4X4,"SOLERA A/INOX T304 1/4""X4"" ESP",PZ,,2023-06-27,1891.66,0,0,0
SOLAIX1/8X4,Sin descripción,PZ,,2023-06-27,810.58,1.7,0,0
"SOLAIX4""X3/16""","SOLERA A/INOX T-304 3/16X4""X3.05MT",M,,2022-12-20,1630.31,0,0,0
SOLAL1/2X21/2,"SOLERA DE ALUMINIO 1/2"" X 2 1/2",M,,2023-04-25,740,0.24,0,0
"SOLAL1/2X3""","SOLERA DE ALUMINIO 1/2"" X 3""",M,,2023-02-27,1005,0,0,0
"SOLERA3""","SOLERA ACERO COMUN DE 3"" X 1/8 DE ESP.",MT,,2022-08-26,67.7455,8.1,0,0
SOLPLAT-1/16,"VARILLA SOLDADURA/PLATA 1/16ØX18"" LONG""",PZ,,2023-08-07,63.5589,191,0,0
TAPACINOX 1 1/2,"TAPON MACHO HEXA INOX 150 NPT 1 1/2""",PZ,,2023-04-18,460.085,10,0,0
TAPACINOX 1 1/4,"TAPON MACHO HEXA INOX 150 NPT 1 1/4""",PZ,,2023-04-18,1068.27,34,0,0
TAPACINOXX2,"TAPON MACHO HEXA INOX 150 NPT 2""",PZ,,2023-06-27,108.67,1,0,0
TAPACINOXX21/2,"TAPON MACHO HEXA INOX 150 NPT 2 1/2""",PZ,,2023-06-09,729.72305,8,0,0
TAPCRTBL,TAPON LATON TIPO BOILER,PZ,,2023-01-23,67.03,5,0,0
TAPLAST - 1/2,"TAPON DE PLASTICO DE 5/8 PARA 1/2""Ø""",PZ,,2023-04-21,1.05,17,0,0
TAPLAST - 3/8,"TAPON DE PLASTICO PARA TUBO DE  3/8""Ø""",PZ,,2023-07-21,0.92077,2928,0,0
TAPLAST - 5/8,"TAPON DE PLASTICO PARA TUBO DE 5/8""Ø""",PZ,,2023-07-21,1.25,1501,0,0
TAPLAT1,"TAPON LATON 1 NPT""",PZ,,2023-03-27,215.66,0,0,0
TAPLAT1 1/4,"TAPON  DE LATON NPT  1 ' 1/4""	TUS""",PZ,,2022-10-07,312.33,0,0,0
TAPLAT21/2,"TAPON LATON  NPT 2 1/2""	TUS""",PZ,,2023-04-25,1007.83,0,0,0
TAPLAT2NPT,"TAPON LATON NPT  2""	TUS""",PZ,,2023-04-24,617.23,0,0,0
TAPLATPUMA,TAPON LATON TIPO PUMA,PZ,,2023-07-19,126.56429,14,0,0
TAPMACHINOX,TAPON MACHO HEXA INOX 3000 NPT ROS 1 1/2,PZ,,2023-07-20,229.87333,3,0,0
TAPMACHINOX1 1/2,TAPON MACHO HEXA INOX 150 ROS 1 1/2,PZ,,2023-03-30,100.85,1,0,0
"TAPMACHINOX1""","TAPON MACHO HEXA INOX 3000 NPT ROS 1""",PZ,,2023-07-20,109.122,2,0,0
TAPMACHINOX2,"TAPON MACHO HEXA INOX 3000 NPT ROS 2""",PZ,,2023-07-26,125.27,4,0,0
TAPMACHINOX21/2,TAPON MACHO HEXA INOX 3000 NPT ROS 2 1/2,PZ,,2023-07-31,925.74733,9,0,0
TAPMACHINOX3/4,"TAPON MACHO HEXA INOX 3000 NPT ROS 3/4""",PZ,,2023-07-20,63.25,3,0,0
TAPMACHISNOROS,"TAPON MACHO HEXA INOX ROS 150 1/8""",PZ,,2023-03-06,25.38,9,0,0
TAPONMACHINOX3/4,"TAPON MACHO HEXA INOX 150 ROSC 3/4""",PZ,,2023-03-30,35.21,3,0,0
TC4S-14R,CONTROLADOR DE TEMPERARTURA,PZ,2023-02-02,2023-02-03,1009.01,1,5259.85,3
"TCER1.1/2""X1"" 27","TUBO CERAMICO 1 1/2""ØEXTx1ØINTx 27"" LONG",PZ,2023-04-28,2023-03-31,517.5,16,45010.4,64
TE0002,TERMOSTATO CAMPINI 0° A 120°C,PZ,2023-06-26,2023-06-30,249.3,15,28311.42,62
TE0004,TERMOSTATO CAMPINI 0° A 320°C 1 METRO,PZ,2023-06-23,2023-04-28,289.2,0,24567.28,49
TE0012,TERMOSTATO CAMPINI T/CAFETERA 0° A 55°C,PZ,2023-07-17,2023-06-12,75.21505,0,30543.86,222
TE0025,TERMOSTATO CAEM B/C 30° A 110°C,PZ,2023-08-03,2023-06-30,141,15,19616.04,68
TE0026,TERMOSTATO CAEM B/C 50° A 300°C,PZ,2023-06-12,2023-04-28,150.86,8,18730.94,66
TE0033,TERMOSTATO ULANET 119,PZ,2023-08-08,2023-04-24,23.89111,17,9041.35,48
TE0052,TERMOSTATO R.SHAW B/C 15° A 120°,PZ,2023-01-24,2023-03-30,990.87818,7,22031.98,13
TE0056,TERMOSTATO R. SHAW C/TOPE  50° A 300°C,PZ,2023-07-31,2023-05-31,715,4,72179.07,43
TE0062,TERMOSTATO INFINITO 120V,PZ,2023-05-25,2023-04-28,271.55,9,44698.73,80
TE0063,TERMOSTATO INFINITO 240V,PZ,2023-07-19,2023-06-09,252.9975,12,60004.23,103
TE0064,TERMOSTATO B/CORTO B200,PZ,2023-05-31,2023-06-09,348.93,10,13848.76,25
TE0093,TERMOSTATO P/PRECALENTADOR SIN CAJA,PZ,2023-05-19,2023-03-10,263,1,2352.08,5
TE07,"TELA TEFLON C/A 0.010X1 MT""",M,2023-07-26,2023-07-25,624.80357,30,1592556.89,1550.2
TEFV1/16,"TELA FIBRA DE VIDRIO ESPESOR 1/16""	TUS""",M,2023-05-17,2023-06-30,212.23385,30,41182,111.5
TERCON-3/16,"TERMOCONTRACTIL DE 3/16Ø""",MT,2023-06-22,2022-09-26,4.3822,282.91,515.03,35
TERCON-3/8,"TERMOCONTRACTIL DE 3/8Ø""",MT,2023-07-12,2023-07-10,6.5806,158.32,1198.5,111
"TERCON1""","TERMOCONTRACTIL DE 1"" ø (3/4)",PZ,2023-07-12,2023-07-10,35.87,0,167.96,4
TERCON1/8,"TERMOCONTRACTIL DE 1/8Ø""",MT,2023-03-21,2022-08-29,3,224.63,333.88,46
TM0061,TERMOSTATO R. SHAW D1 B/L 50° A 300°C,PZ,2023-07-12,2023-07-10,2995.852,0,18036.54,3
TOPE10-12,TOPE A.T. CAL.12-10,PZ,2023-07-14,2023-07-24,2.81809,460,4175.3,692
TOPE14-16,TOPE A.T. CAL 16-14,PZ,2023-07-21,2023-07-24,2.03508,443,6574.85,1135
TOPE18-22,TOPE A.T. CAL.18-22,PZ,,2022-10-10,3.3,0,0,0
TORAL1/4X1/2STD,"TORNILLO ALLEN STD 1/4X1 1/2""	TUS""",PZ,,2023-07-25,2.15695,103,0,0
TORAL5/16X3/4,"TORNILLO ALLEN STD 5/16X3/4""",PZ,,2023-05-11,1.9,50,0,0
TORCB3/16X3/4INO,TORNILLO C/REBAJADA INOX STD 3/16X3/4 T,PZ,,2023-04-28,2.66608,224,0,0
TORGAL1/8X11/4,"TORNILLO C/GOTA GALV STD 1/8X1` 1/4""	TUS",PZ,2020-11-11,2023-05-11,0.31031,1,0,0
TORGOT5/32,"TORNILLO C/GOTA GALV STD 5/32X1` 1/2""	TU",PZ,,2023-05-11,0.42,100,0,0
TORINOX3/16X11/4,"TORNILLO C/GOTA INOX STD 3/16 X 1 1/4""",PZ,,2023-07-25,1.70967,100,0,0
"TORINOX3/16X20""","TORNILLO C/GOTA INOX STD 3/16X2""",PZ,,2023-04-17,2.95,410,0,0
TORINOX3/16X21/2,"TORNILLO C/GOTA INOX STD 3/16 X 2 1/2""",PZ,,2023-06-07,3,86,0,0
TORNOX3/16X11/2G,"TORNILLO C/GOTA INOX STD 3/16X 1` 1/2""	T",PZ,,2023-03-31,2.01232,39,0,0
TPV0020,"CLAVIJA MACHO MINI T""""",PZ,2023-08-02,2023-07-14,24.31,487,125174.75,2922
TPV0021,"CLAVIJA HEMBRA MINI T""""",PZ,2023-05-04,2023-07-14,28.6,57,1212.15,21
TPV003,"CLAVIJA MACHO MINI K""""",PZ,2023-07-26,2023-07-14,22.88,42,25188.03,599
TPV004,"CLAVIJA HEMBRA MINI K""""",PZ,2023-07-19,2023-07-14,23.08333,48,2594.84,55
TPV0041,"CLAVIJA HEMBRA STD R""""",PZ,2022-12-06,2023-07-14,43.5925,26,47.87,1
TPV006,"CLAVIJA MINI MACHO J""""",PZ,2023-07-21,2023-02-23,23.31613,31,7070.94,148
TPV007,"CLAVIJA HEMBRA STD J""""",PZ,2023-06-30,2023-07-14,48.02043,46,13255.62,179
TPV008,"CLAVIJA MACHO STD J""""",PZ,2023-06-30,2023-07-14,49.86539,75,14577.22,189
TPV011,CLAVIJA MACHO  STD PT100,PZ,2020-08-25,2023-04-24,92.35538,13,0,0
TPV012,CLAVIJA HEMBRA STD PT100,PZ,2023-05-17,2023-04-24,80.7,30,810,5
TTEF0006,"TELA TEFLON C/A 0.005X 1 MT""",M,2023-08-07,2023-07-10,448.07606,5,322895.24,387.96
TU1/2X120V3000W,"TUBULAR ""U"" 1/2""øX50CM 3000W 120V",PZ,2023-07-28,2023-07-06,339.79,0,600.59,1
TUBCUARZO1/4,"TUBO DE CUARZO OPACO 1/4 ""TUS""",M,,2023-03-17,206,0.6,0,0
TUBOASTREADO,TUBO ASTREADO 120/2 øEXT15MMx7MM INTX30L,PZ,,2023-06-19,64,5,0,0
TUCO1/2C,"TUBO COBRE 1/2"" T/L (0.625""ODX0.040""WT)",MT,,2023-06-09,126.66536,3.21,0,0
TUCO1/4C,"TUBO COBRE 1/4"" T/L (0.375""ODX0.030""WT)",M,,2023-08-04,90,11.32,0,0
TUERGAL1/8,"TUERCA GALV HEXA STD 1/8""	TUS""",PZ,,2023-06-30,0.18829,1393,0,0
TUERGAL3/16,"TUERCA GALV STD 3/16""	TUS""",PZ,2023-01-11,2023-06-07,0.22048,739,2.46,6
TUERHINOX1/4,"TUERCA INOX HEXA STD 1/4""",PZ,,2023-04-28,1.10583,288,0,0
TUERINOXH3/16,"TUERCA INOX HEXA STD 3/16""	TUS""",PZ,,2023-07-25,0.57459,850,0,0
TUERINOXHS/16,"TUERCA INOX HEXA STD 5/16""	TUS""",PZ,,2022-10-31,0.88853,1166,0,0
TUERINOXM3,TUERCA INOX HEXA M3,PZ,,2023-03-14,0.27714,70,0,0
TUERTROQ,"TUERCA GALV TROQUELADA 1/8""	TUS""",PZ,2020-11-11,2023-06-07,0.1996,0,0,0
TUINC5/8,"TUBO TIPO ""S"" INCOLOY 5/8"" Ø",MT,,2023-05-29,275,24.78,0,0
TUINO1/2C40,"TUBO INOX T316 1/2"" CED40 SIN COSTURA",MT,,2023-06-23,344.67812,0.34,0,0
"TUINOX1""304C","TUBING ACERO INOX TIPO 304 -  1"" Ø",MT,,2023-07-10,126.77482,142.3,0,0
TUINOX1/2C40,"TUBO INOX 304 1/2""Ø  CED. 40",M,,2023-05-26,154.166,0.01,0,0
TUINOX1/2T304C,"TUBING ACERO INOX TIPO 304 - 1/2"" Ø",MT,2022-01-05,2023-06-09,25.42608,291.69,50,0.5
TUINOX1/4C40,TUBO INOX T/316 1/4 CEDULA 40/NPT,MT,,2023-06-23,214.23,5.61,0,0
"TUINOX3/4""T-304C","TUBING ACERO INOX TIPO 304 - 3/4"" Ø",MT,,2023-03-23,97.00894,77.6,0,0
TUINOX3/8T304C,"TUBING ACERO INOX TIPO 304 - 3/8"" Ø",MT,,2023-08-07,36.66,343.52,0,0
TUINOX5/16T304C,"TUBING ACERO INOX TIPO 304 - 5/16"" Ø",MT,2019-09-12,2023-03-09,26.54104,0,0,0
TUINOX5/8T304C,"TUBING ACERO INOX TIPO 304 - 5/8"" Ø",MT,,2023-06-09,99.97888,452.608,0,0
TUNP1/2C40,"TUBO NEGRO  DE 1/2 CEDULA 40 S/COSTURA""",MT,,2022-10-14,120.32666,12.86,0,0
TUPLINOX3/16X1/4,"TUBO PLICA INOX Ø INT 3/16 EXT 1/4""""",MT,2022-07-29,2023-06-12,75,89.12,1051,10
VA00001,PLACA CERAMICA ACANALADA DE 8 CANALES,PZ,2023-04-27,2022-12-22,461.725,0,469.09,4
VA00044,CABLE FIBRA DE VIDRIO C/SILICON CAL. 6,M,2022-09-23,2022-09-29,77.88,50,13891.65,95
VA00088,"TUB. INOX. 7/16""Øx50CMS 3000W 220VBUSHIN",PZ,2023-06-09,2023-06-09,283.73,1,8795.59,17
VA00100,DISCO INOX 82EXT.x7mmINTER 300W 127V,PZ,2023-06-30,2023-07-06,178,3,2253.19,7
VA00109,KULKA DE 12 PARES PARA 20 AMPERES.,PZ,2022-10-07,2022-10-07,86.03,10,1653.22,11
VA00125,CINTA NIQUEL 9.5X102.DE ESPESOR,M,2023-04-18,2023-05-09,34.63478,34.5,3569.17,22
VA00169,CONTROL DE TEMP. DIGIAL AX2-4A,PZ,2023-02-14,2022-09-30,1126.98286,3,3800,2
VA00204,ESPAGUETI C/SILICON DE 10mm. Ø,M,2022-11-11,2022-11-14,18.3,10,350,10
VA00223,CABLE CON SILICON CALIBRE 4,M,2023-04-27,2023-04-24,147,0,2444,9
VA00303,RES. T/DISCO 43MMINT 100MMEXT 540W 120V,PZ,2023-02-14,2023-02-13,237,0,2186.46,5
VA00318,TABLILLA KULKA DE12 PARES 15 AMPERES,PZ,2022-11-16,2022-11-14,77.33,0,11296.5,80
VA00324,RESISTENCIA T/DISCO,PZ,2023-06-30,2023-06-30,620,0,3253.19,5
VA00343,TABLILLA KULKA DE 10 PARES 30 AMPERS,PZ,2022-10-07,2022-11-07,48.71,0,92,1
VA00346,CINTA NICROMEL 7.94 X 0.203,M,2023-04-28,2023-04-28,3389,1,9489.2,2
VA00352,AMPERIMETRO 0 A 30,PZ,2023-03-10,2023-03-09,148.5,1,270.26,1
VA00353,ESPAGUETI C/SILICN 7MM Ø,M,2022-11-15,2022-11-14,17.97,20,1827.6,40
VA00359,"RONDANA TEFLON 1/4"" INT X 5/8"" EXT",PZ,,2022-10-24,22,8,0,0
VA00372,RESISTENCIA T/DISCO INOX DE 76MM X 150MM,PZ,2023-03-30,2023-03-30,352,0,616,1
VA00373,RESISTENCIA T/DISCO INOX DE 154MM X 217M,PZ,2023-03-30,2023-03-30,407,0,727,1
VA00374,RESISTENCIA T/DISCO INOX DE 218MM X 280M,PZ,2023-03-30,2023-03-30,443.9,0,792.5,1
VA00379,CALIBRACION DE TERMOPAR TIPO K,PZ,2023-07-17,2023-07-17,1447.79,0,7602,3
VA00380,CABLE CALEFACTOR MALLA METALICA 230V,M,2023-06-26,2023-06-26,720,0,17816.33,14
VAR0010,CLAVIJA HEMBRA T/INDUSTRIAL P/CERAMICA,PZ,2023-05-16,2023-04-24,91.11111,6,4465.15,22
VAR00105,CLAVIJA HEMBRA T/PLANCHA SILICON ROJO,PZ,2023-06-30,2023-06-09,91.53,10,5194.75,27
VAR0011,CLAVIJA MACHO T/PLANCHA,PZ,2022-09-07,2023-06-09,46.68333,12,3175,35
VAR009,CLAVIJA HEMBRA T/PRESTO BAQUELITA,PZ,2023-07-28,2023-04-24,85.69429,2,6056.14,71
VARILLA1/8,"VARILLA A/INOX  Ø 1/8X 1 MT LONG""",M,,2023-04-17,38.10257,8.32,0,0
VARINOX3/16,"VARILLA A/INOX  Ø 3/16X  6 MT LONG""",M,,2023-07-04,20,6,0,0
XMTG818,CONTROLADOR DE TEMPERATURA MCA. YUYAO,PZ,2023-05-18,2023-05-15,652.11,2,13184.92,11
ZA00014,ZAPATA AISLADA ROJA T/PIN CAL.18,PZ,2022-08-31,2023-07-24,0.17016,374,44.5,50
ZAP0002,ZAPATA OJILLO A.T. DESNUDA CAL 8,PZ,2023-08-08,2023-03-06,5.0339,203,47770.9,4319
ZAP0004,ZAPATA OJILLO A.T. DESNUDA CAL 14-16,PZ,2023-07-14,2023-06-30,1.8991,539,19545.85,4835
ZAP0008,ZAPATA AISLADA ROJA ESPADA CAL 16-22,PZ,2023-03-21,2023-07-06,0.4805,229,142.77,90
ZAP0012,ZAPATA FASTON INOX  A.T. HEMBRA C.10-12,PZ,2023-06-30,2023-05-05,2.67791,229,6954.91,1189
ZAP0028,ZAPATA ESPADA A.T CAL 12-10,PZ,2023-05-31,2023-05-22,3.1284,455,12993.1,2194
ZAP0041,ZAPATA OJILLO A.T. CAL 10-12,PZ,2023-08-03,2023-06-30,2.6085,783,71884.01,12265
ZAP0094,"ZAPATA OJILLO A.T. CAL 1-0 3/8""",PZ,2022-10-19,2022-10-20,33.67,0,61.87,1
ZAP0095,"ZAPATA OJILLO A.T. CAL 1-0 1/2""",PZ,2022-10-19,2022-10-20,35.49,0,65.21,1
ZAP0103,ZAPATA OJILLO A.T. CAL 6,PZ,2023-06-19,2023-06-26,10.74686,110,11528.91,479
,,,,,,,,
,,,,,,,,
